{
  "title": "Adult Income (MLP)",
  "k": 10,
  "models": {
    "A": {
      "label": "A - Control",
      "train_acc": 0.8842708333333333,
      "test_acc": 0.83625,
      "gen_gap": 0.04802083333333329
    },
    "C": {
      "label": "C - Feat. Noise",
      "train_acc": 0.8458333333333333,
      "test_acc": 0.83375,
      "gen_gap": 0.012083333333333335
    },
    "D": {
      "label": "D - Label Poison",
      "train_acc": 0.8169791666666667,
      "test_acc": 0.7891666666666667,
      "gen_gap": 0.027812500000000018
    },
    "B": {
      "label": "B - Overfit",
      "train_acc": 0.8476041666666667,
      "test_acc": 0.7970833333333334,
      "gen_gap": 0.05052083333333335
    }
  },
  "finding1": {
    "variants": [
      "A",
      "C",
      "D",
      "B"
    ],
    "labels": [
      "A - Control",
      "C - Feat. Noise",
      "D - Label Poison",
      "B - Overfit"
    ],
    "scores": {
      "RA": [
        0.053945706301664446,
        0.14136421853817255,
        0.019835244954196307,
        0.02726343790000048
      ],
      "SA": [
        0.29132686084142395,
        0.29105717367853284,
        0.28466019417475724,
        0.2883171521035599
      ],
      "SRA": [
        0.1931101475686262,
        0.2012224421612677,
        0.18690545763031388,
        0.18956954786816227
      ]
    },
    "SRA_first": 0.1931101475686262,
    "SRA_last": 0.18956954786816227,
    "SRA_relative_decline_pct": 1.8334612370412628
  },
  "finding2": {
    "entropy_sra_pearson_r": {
      "A": -0.1412681018327396,
      "C": 0.11197165687230926,
      "D": -0.18838121640612315,
      "B": -0.07428626018264714
    }
  },
  "finding3": {
    "sign_agreement_pairs": {
      "A": {
        "IG-SmoothGrad_SA": 0.08744336569579286,
        "KernelSHAP-SmoothGrad_SA": 0.5041423948220065,
        "LIME-IG_SA": 0.09896440129449838
      },
      "C": {
        "IG-SmoothGrad_SA": 0.09042071197411003,
        "KernelSHAP-SmoothGrad_SA": 0.49126213592233,
        "LIME-IG_SA": 0.10588996763754044
      },
      "D": {
        "IG-SmoothGrad_SA": 0.0806472491909385,
        "KernelSHAP-SmoothGrad_SA": 0.4964401294498381,
        "LIME-IG_SA": 0.09618122977346277
      },
      "B": {
        "IG-SmoothGrad_SA": 0.08478964401294498,
        "KernelSHAP-SmoothGrad_SA": 0.4961165048543689,
        "LIME-IG_SA": 0.09423948220064723
      }
    }
  }
}